Cre_line,yes,no,quest
Chat-IRES-Cre-neo;Ai14,2,8,3
Chrna2-Cre_OE25;Ai14,10,34,16
Ctgf-T2A-dgCre;Ai14,3,2,4
Cux2-CreERT2;Ai14,3,26,8
Gad2-IRES-Cre;Ai14,15,136,23
Htr3a-Cre_NO152;Ai14,5,10,4
Htr3a-Cre_NO152;Pvalb-T2A-Dre;Ai66,1,11,2
Ndnf-IRES2-dgCre;Ai14,6,8,1
Nos1-CreERT2;Sst-IRES-FlpO;Ai65,1,0,2
Nr5a1-Cre;Ai14,15,25,8
Oxtr-T2A-Cre;Ai14,17,27,14
Pdyn-T2A-CreERT2;Ai14,0,3,0
Pvalb-IRES-Cre;Ai14,9,46,11
Rbp4-Cre_KL100;Ai14,50,56,15
Rorb-IRES2-Cre-neo;Ai14,17,22,12
Rorb-IRES2-Cre;Ai14,27,85,10
Scnn1a-Tg2-Cre;Ai14,5,10,3
Scnn1a-Tg3-Cre;Ai14,16,21,5
Sim1-Cre_KJ18;Ai14,2,5,1
Slc32a1-IRES-Cre;Ai14,16,167,48
Sst-IRES-Cre;Ai14,37,33,16
Vip-IRES-Cre;Ai14,44,116,55
Vipr2-IRES2-Cre;Pvalb-T2A-FlpO;Ai65,0,2,0
Vipr2-IRES2-Cre;Slc32a1-T2A-FlpO;Ai65,9,38,1
